{"cameraMode":{"drawMode":0,"name":"Shaded","section":"Shading Mode"},"sceneLighting":false,"audioPlay":false,"sceneViewState":{"m_AlwaysRefresh":false,"showFog":true,"showSkybox":false,"showFlares":true,"showImageEffects":true,"showParticleSystems":true,"showVisualEffectGraphs":true,"m_FxEnabled":true},"in2DMode":false,"pivot":{"x":-6.800000190734863,"y":1.0269757509231568,"z":-0.1593136489391327},"rotation":{"x":-0.0028215383645147087,"y":0.9832595586776733,"z":-0.18176908791065217,"w":-0.015344046987593174},"size":2.6603543758392336,"orthographic":false}